USE livraria1_1;

INSERT INTO editora(editora_id, nome, endereco, cod_postal) VALUES
(1, 'Lua de Papel', 'Lisboa', '9100'),
(2, 'Manuscrito Editora', 'Porto', '9300'),
(3, 'Porto Editora, S.A.', 'Funchal', '9000'),
(4, 'Desassossego', 'Santana', '9200');

INSERT INTO livro(livro_id, editora_id, isbn, titulo, ano, edicao, quota) VALUES
(1, 3, '9789720031280', 'Último Caderno de Lanzarote', 2018, '10-2018', '272'),
(2, 1, '9789897224140', 'Areias Brancas', 2018, '07-2018', '232'),
(3, 4, '9789898871657', 'Foi Sem Querer Que Te Quis', 2018, '11-2018', '312'),
(4, 2, '9789897801037', 'Next Level', 2019, '03-2019', '280'),
(5, 3, '9788491392903', 'A Outra Mulher', 2019, '03-2019', '464'),
(6, 2, '9789892344379', 'Nobre & Poderoso', 2019, '03-2019', '320'),
(7, 2, '9789897103360', 'Coração em Chamas', 2019, '04-2019', '448');

INSERT INTO autor (autor_id, nome, ddn) VALUES
(1, 'Machado de Assis', NULL),
(2, 'Mia Couto', NULL),
(3, 'José Saramago', NULL),
(4, 'Stephen King', NULL),
(5, 'Eduardo Galeano', NULL),
(6, 'Júlio Verne', NULL),
(7, 'Lima Barreto', NULL);

INSERT INTO leitor (leitor_id, nome, endereco, cod_postal, localidade, complemento) VALUES
(1, 'António Gonçalves', 'Rua da Sé', '9000-100', 'Funchal', NULL),
(2, 'Joel Pereira', 'Travessa da Nogueira', '9000-120', 'Funchal', NULL),
(3, 'Jéssica Martins', 'Caminho da Terra', '4000-114', 'Porto', NULL),
(4, 'Bruna Silva', 'Rua da Penteada', '9000-101', 'Funchal', NULL),
(5, 'Ricardo Azevedo', 'Caminho Dr. José', '9030-304', 'Ribeira Brava', NULL),
(6, 'Valério Gomes', 'Avenida da Autonomia', '5000-134', 'Lisboa', NULL),
(7, 'Nuno Vasconcelos', 'Rua do Terreiro do Paço', '5000-379', 'Lisboa', NULL),
(8, 'Marco Campos', 'Avenida da Boavista', '4000-245', 'Porto', NULL);

INSERT INTO exemplar (exemplar_id, livro_id, data_de_aquisicao) VALUES
(1, 1, '2015-01-05 00:00:00'),
(2, 1, '2011-03-11 00:00:00'),
(3, 1, '2013-06-23 00:00:00'),
(4, 1, '2015-01-05 00:00:00'),
(5, 1, '2007-09-19 00:00:00'),
(6, 2, '2019-06-28 00:00:00'),
(7, 2, '2017-07-13 00:00:00'),
(8, 2, '2018-10-25 00:00:00'),
(9, 2, '2011-03-11 00:00:00'),
(10, 2, '2000-11-03 00:00:00'),
(11, 3, '2018-10-25 00:00:00'),
(12, 3, '2019-06-28 00:00:00'),
(13, 3, '2007-09-19 00:00:00'),
(14, 3, '2013-06-23 00:00:00'),
(15, 3, '2017-07-13 00:00:00'),
(16, 4, '2000-11-03 00:00:00'),
(17, 4, '2003-08-29 00:00:00'),
(18, 4, '2018-10-25 00:00:00'),
(19, 5, '2005-05-07 00:00:00'),
(20, 5, '2003-08-29 00:00:00'),
(21, 5, '2017-07-13 00:00:00'),
(22, 6, '2018-10-25 00:00:00'),
(23, 6, '2019-06-28 00:00:00'),
(24, 7, '2000-11-03 00:00:00'),
(25, 7, '2013-06-23 00:00:00'),
(26, 7, '2017-07-13 00:00:00'),
(27, 7, '2007-09-19 00:00:00'),
(28, 7, '2019-06-28 00:00:00');

INSERT INTO livro_autor (livro_id, autor_id) VALUES
(1, 1),
(2, 1),
(2, 2),
(3, 2),
(7, 2),
(4, 3),
(6, 3),
(4, 4),
(7, 4),
(5, 5),
(5, 6),
(4, 7),
(6, 7),
(7, 7);

INSERT INTO palavra_chave (palavra_id, palavra) VALUES
(1, 'casa'),
(2, 'tempo'),
(3, 'carro'),
(4, 'chuva'),
(5, 'nuvens'),
(6, 'dia'),
(7, 'homem'),
(8, 'mulher'),
(9, 'senhora'),
(10, 'senhor'),
(11, 'pior'),
(12, 'melhor'),
(13, 'farmácia'),
(14, 'medicamento'),
(15, 'dinheiro'),
(16, 'aulas'),
(17, 'professor'),
(18, 'viagem'),
(19, 'europa'),
(20, 'américa'),
(21, 'portugal'),
(22, 'espanha'),
(23, 'estudar'),
(24, 'comer'),
(25, 'pão'),
(26, 'pastelaria'),
(27, 'ondas'),
(28, 'mar'),
(29, 'som'),
(30, 'canárias'),
(31, 'areia'),
(32, 'branco'),
(33, 'fogo'),
(34, 'vento'),
(35, 'água');

INSERT INTO livro_palavra (livro_id, palavra_id) VALUES
(4, 1),
(1, 2),
(2, 2),
(3, 3),
(6, 3),
(4, 4),
(7, 4),
(1, 5),
(7, 5),
(2, 6),
(6, 6),
(4, 7),
(7, 7),
(2, 8),
(4, 9),
(5, 9),
(6, 9),
(3, 10),
(3, 11),
(2, 15),
(7, 15),
(3, 16),
(2, 17),
(4, 17),
(7, 17),
(6, 18),
(3, 19),
(4, 19),
(1, 22),
(4, 22),
(6, 22),
(7, 22),
(5, 23),
(7, 23),
(7, 24),
(5, 26),
(7, 26),
(7, 29),
(1, 30),
(7, 30),
(4, 31),
(5, 31),
(3, 33),
(5, 33),
(7, 33),
(3, 34),
(4, 34),
(4, 35),
(7, 35);

INSERT INTO requisicao (requisicao_id, exemplar_id, leitor_id, data_requisicao, data_prev_entrega, data_real_entrega, valor_multa) VALUES
(1, 1, 1, '2015-01-05', '2015-01-05', '2015-01-05', NULL),
(2, 1, 1, '2019-06-28', '2019-06-28', '2019-06-28', '10.43'),
(3, 5, 2, '2019-06-28', '2019-06-28', '2019-06-28', NULL),
(4, 2, 2, '2019-01-03', '2019-01-03', '2019-01-03', '5.11'),
(5, 3, 2, '2018-02-09', '2018-02-09', '2018-02-09', NULL),
(6, 7, 2, '2019-03-14', '2019-03-14', '2019-03-14', '3.62'),
(7, 4, 4, '2017-07-13', '2017-07-13', '2017-07-13', NULL),
(8, 11, 4, '2000-11-03', '2000-11-03', '2000-11-03', NULL),
(9, 16, 4, '2007-09-19', '2007-09-19', '2007-09-19', '3.79'),
(10, 18, 3, '2005-05-07', '2005-05-07', '2005-05-07', NULL),
(11, 25, 5, '2003-08-29', '2003-08-29', '2003-08-29', NULL),
(12, 26, 6, '2017-06-22', '2017-06-22', '2017-06-22', NULL);
